studyName,"Sample Number",Species,Region,Island,Stage,"Individual ID","Clutch Completion","Date Egg","Culmen Length (mm)","Culmen Depth (mm)","Flipper Length (mm)","Body Mass (g)",Sex,"Delta 15 N (o/oo)","Delta 13 C (o/oo)",Comments
PAL0708,1,"Adelie Penguin (Pygoscelis adeliae)",Anvers,Torgersen,"Adult, 1 Egg Stage",N1A1,Yes,2007-11-11,39.1,18.7,181,3750,MALE,,,"Not enough blood for isotopes."
PAL0708,2,"Adelie Penguin (Pygoscelis adeliae)",Anvers,Torgersen,"Adult, 1 Egg Stage",N1A2,Yes,2007-11-11,39.5,17.4,186,3800,FEMALE,8.94956,-24.69454,
PAL0708,3,"Adelie Penguin (Pygoscelis adeliae)",Anvers,Torgersen,"Adult, 1 Egg Stage",N2A1,Yes,2007-11-16,40.3,18.0,195,3250,FEMALE,8.36821,-25.33302,
PAL0708,4,"Adelie Penguin (Pygoscelis adeliae)",Anvers,Torgersen,"Adult, 1 Egg Stage",N2A2,Yes,2007-11-16,,,,,,,,"Adult not sampled."
PAL0708,5,"Adelie Penguin (Pygoscelis adeliae)",Anvers,Torgersen,"Adult, 1 Egg Stage",N3A1,Yes,2007-11-16,36.7,19.3,193,3450,FEMALE,8.76651,-25.32426,
PAL0708,6,"Adelie Penguin (Pygoscelis adeliae)",Anvers,Torgersen,"Adult, 1 Egg Stage",N3A2,Yes,2007-11-16,39.3,20.6,190,3650,MALE,8.66496,-25.29805,
PAL0708,7,"Adelie Penguin (Pygoscelis adeliae)",Anvers,Torgersen,"Adult, 1 Egg Stage",N4A1,No,2007-11-15,38.9,17.8,181,3625,FEMALE,9.18718,-25.21799,"Nest never observed with full clutch."
PAL0708,8,"Adelie Penguin (Pygoscelis adeliae)",Anvers,Torgersen,"Adult, 1 Egg Stage",N4A2,No,2007-11-15,39.2,19.6,195,4675,MALE,9.46060,-24.89958,"Nest never observed with full clutch."
PAL0708,9,"Adelie Penguin (Pygoscelis adeliae)",Anvers,Torgersen,"Adult, 1 Egg Stage",N5A1,Yes,2007-11-09,34.1,18.1,193,3475,,,,"No blood sample obtained."
PAL0708,10,"Adelie Penguin (Pygoscelis adeliae)",Anvers,Torgersen,"Adult, 1 Egg Stage",N5A2,Yes,2007-11-09,42.0,20.2,190,4250,,9.13362,-25.09368,"No blood sample obtained for sexing."
PAL0708,11,"Adelie Penguin (Pygoscelis adeliae)",Anvers,Torgersen,"Adult, 1 Egg Stage",N6A1,Yes,2007-11-09,37.8,17.1,186,3300,,8.63243,-25.21315,"No blood sample obtained for sexing."
PAL0708,12,"Adelie Penguin (Pygoscelis adeliae)",Anvers,Torgersen,"Adult, 1 Egg Stage",N6A2,Yes,2007-11-09,37.8,17.3,180,3700,,,,"No blood sample obtained."
PAL0708,13,"Adelie Penguin (Pygoscelis adeliae)",Anvers,Torgersen,"Adult, 1 Egg Stage",N7A1,Yes,2007-11-15,41.1,17.6,182,3200,FEMALE,,,"Not enough blood for isotopes."
PAL0708,14,"Adelie Penguin (Pygoscelis adeliae)",Anvers,Torgersen,"Adult, 1 Egg Stage",N7A2,Yes,2007-11-15,38.6,21.2,191,3800,MALE,,,"Not enough blood for isotopes."
PAL0708,15,"Adelie Penguin (Pygoscelis adeliae)",Anvers,Torgersen,"Adult, 1 Egg Stage",N8A1,Yes,2007-11-16,34.6,21.1,198,4400,MALE,8.55583,-25.22588,
PAL0708,16,"Adelie Penguin (Pygoscelis adeliae)",Anvers,Torgersen,"Adult, 1 Egg Stage",N8A2,Yes,2007-11-16,36.6,17.8,185,3700,FEMALE,,,"Not enough blood for isotopes."
PAL0708,17,"Adelie Penguin (Pygoscelis adeliae)",Anvers,Torgersen,"Adult, 1 Egg Stage",N9A1,Yes,2007-11-12,38.7,19.0,195,3450,FEMALE,9.18528,-25.06691,
PAL0708,18,"Adelie Penguin (Pygoscelis adeliae)",Anvers,Torgersen,"Adult, 1 Egg Stage",N9A2,Yes,2007-11-12,42.5,20.7,197,4500,MALE,8.67538,-25.13993,
PAL0708,19,"Adelie Penguin (Pygoscelis adeliae)",Anvers,Torgersen,"Adult, 1 Egg Stage",N10A1,Yes,2007-11-16,34.4,18.4,184,3325,FEMALE,8.47827,-25.23319,
PAL0708,20,"Adelie Penguin (Pygoscelis adeliae)",Anvers,Torgersen,"Adult, 1 Egg Stage",N10A2,Yes,2007-11-16,46.0,21.5,194,4200,MALE,9.11616,-24.77227,
PAL0708,21,"Adelie Penguin (Pygoscelis adeliae)",Anvers,Biscoe,"Adult, 1 Egg Stage",N11A1,Yes,2007-11-12,37.8,18.3,174,3400,FEMALE,8.73762,-25.09383,
PAL0708,22,"Adelie Penguin (Pygoscelis adeliae)",Anvers,Biscoe,"Adult, 1 Egg Stage",N11A2,Yes,2007-11-12,37.7,18.7,180,3600,MALE,8.66271,-25.06390,
PAL0708,23,"Adelie Penguin (Pygoscelis adeliae)",Anvers,Biscoe,"Adult, 1 Egg Stage",N12A1,Yes,2007-11-12,35.9,19.2,189,3800,FEMALE,9.22286,-25.03474,
PAL0708,24,"Adelie Penguin (Pygoscelis adeliae)",Anvers,Biscoe,"Adult, 1 Egg Stage",N12A2,Yes,2007-11-12,38.2,18.1,185,3950,MALE,8.43423,-25.22664,
PAL0708,25,"Adelie Penguin (Pygoscelis adeliae)",Anvers,Biscoe,"Adult, 1 Egg Stage",N13A1,Yes,2007-11-10,38.8,17.2,180,3800,MALE,9.63954,-25.29856,
PAL0708,26,"Adelie Penguin (Pygoscelis adeliae)",Anvers,Biscoe,"Adult, 1 Egg Stage",N13A2,Yes,2007-11-10,35.3,18.9,187,3800,FEMALE,9.21292,-24.36130,
PAL0708,27,"Adelie Penguin (Pygoscelis adeliae)",Anvers,Biscoe,"Adult, 1 Egg Stage",N17A1,Yes,2007-11-12,40.6,18.6,183,3550,MALE,8.93997,-25.36288,
PAL0708,28,"Adelie Penguin (Pygoscelis adeliae)",Anvers,Biscoe,"Adult, 1 Egg Stage",N17A2,Yes,2007-11-12,40.5,17.9,187,3200,FEMALE,8.08138,-25.49448,
PAL0708,29,"Adelie Penguin (Pygoscelis adeliae)",Anvers,Biscoe,"Adult, 1 Egg Stage",N18A1,No,2007-11-10,37.9,18.6,172,3150,FEMALE,8.38404,-25.19837,"Nest never observed with full clutch."
PAL0708,30,"Adelie Penguin (Pygoscelis adeliae)",Anvers,Biscoe,"Adult, 1 Egg Stage",N18A2,No,2007-11-10,40.5,18.9,180,3950,MALE,8.90027,-25.11609,"Nest never observed with full clutch."
PAL0708,31,"Adelie Penguin (Pygoscelis adeliae)",Anvers,Dream,"Adult, 1 Egg Stage",N21A1,Yes,2007-11-09,39.5,16.7,178,3250,FEMALE,9.69756,-25.11223,
PAL0708,32,"Adelie Penguin (Pygoscelis adeliae)",Anvers,Dream,"Adult, 1 Egg Stage",N21A2,Yes,2007-11-09,37.2,18.1,178,3900,MALE,9.72764,-25.01020,
PAL0708,33,"Adelie Penguin (Pygoscelis adeliae)",Anvers,Dream,"Adult, 1 Egg Stage",N22A1,Yes,2007-11-09,39.5,17.8,188,3300,FEMALE,9.66523,-25.06020,
PAL0708,34,"Adelie Penguin (Pygoscelis adeliae)",Anvers,Dream,"Adult, 1 Egg Stage",N22A2,Yes,2007-11-09,40.9,18.9,184,3900,MALE,8.79665,-25.14591,
PAL0708,35,"Adelie Penguin (Pygoscelis adeliae)",Anvers,Dream,"Adult, 1 Egg Stage",N23A1,Yes,2007-11-16,36.4,17.0,195,3325,FEMALE,9.17847,-25.23061,
PAL0708,36,"Adelie Penguin (Pygoscelis adeliae)",Anvers,Dream,"Adult, 1 Egg Stage",N23A2,Yes,2007-11-16,39.2,21.1,196,4150,MALE,9.15308,-25.03469,
PAL0708,37,"Adelie Penguin (Pygoscelis adeliae)",Anvers,Dream,"Adult, 1 Egg Stage",N24A1,Yes,2007-11-16,38.8,20.0,190,3950,MALE,9.18985,-25.12255,
PAL0708,38,"Adelie Penguin (Pygoscelis adeliae)",Anvers,Dream,"Adult, 1 Egg Stage",N24A2,Yes,2007-11-16,42.2,18.5,180,3550,FEMALE,8.04787,-25.49523,
PAL0708,39,"Adelie Penguin (Pygoscelis adeliae)",Anvers,Dream,"Adult, 1 Egg Stage",N25A1,No,2007-11-13,37.6,19.3,181,3300,FEMALE,9.41131,-25.04169,"Nest never observed with full clutch."
PAL0708,40,"Adelie Penguin (Pygoscelis adeliae)",Anvers,Dream,"Adult, 1 Egg Stage",N25A2,No,2007-11-13,39.8,19.1,184,4650,MALE,,,"Nest never observed with full clutch. Not enough blood for isotopes."
PAL0708,41,"Adelie Penguin (Pygoscelis adeliae)",Anvers,Dream,"Adult, 1 Egg Stage",N26A1,Yes,2007-11-16,36.5,18.0,182,3150,FEMALE,9.68933,-24.42280,
PAL0708,42,"Adelie Penguin (Pygoscelis adeliae)",Anvers,Dream,"Adult, 1 Egg Stage",N26A2,Yes,2007-11-16,40.8,18.4,195,3900,MALE,,,"Not enough blood for isotopes."
PAL0708,43,"Adelie Penguin (Pygoscelis adeliae)",Anvers,Dream,"Adult, 1 Egg Stage",N27A1,Yes,2007-11-19,36.0,18.5,186,3100,FEMALE,9.50772,-25.03492,
PAL0708,44,"Adelie Penguin (Pygoscelis adeliae)",Anvers,Dream,"Adult, 1 Egg Stage",N27A2,Yes,2007-11-19,44.1,19.7,196,4400,MALE,9.23720,-24.52698,
PAL0708,45,"Adelie Penguin (Pygoscelis adeliae)",Anvers,Dream,"Adult, 1 Egg Stage",N28A1,Yes,2007-11-16,37.0,16.9,185,3000,FEMALE,9.36392,-25.01745,
PAL0708,46,"Adelie Penguin (Pygoscelis adeliae)",Anvers,Dream,"Adult, 1 Egg Stage",N28A2,Yes,2007-11-16,39.6,18.8,190,4600,MALE,9.49106,-24.10255,
PAL0708,47,"Adelie Penguin (Pygoscelis adeliae)",Anvers,Dream,"Adult, 1 Egg Stage",N29A1,Yes,2007-11-13,41.1,19.0,182,3425,MALE,,,"Not enough blood for isotopes."
PAL0708,48,"Adelie Penguin (Pygoscelis adeliae)",Anvers,Dream,"Adult, 1 Egg Stage",N29A2,Yes,2007-11-13,37.5,18.9,179,2975,,,,"Sexing primers did not amplify. Not enough blood for isotopes."
PAL0708,49,"Adelie Penguin (Pygoscelis adeliae)",Anvers,Dream,"Adult, 1 Egg Stage",N30A1,Yes,2007-11-13,36.0,17.9,190,3450,FEMALE,9.51784,-25.07683,
PAL0708,50,"Adelie Penguin (Pygoscelis adeliae)",Anvers,Dream,"Adult, 1 Egg Stage",N30A2,Yes,2007-11-13,42.3,21.2,191,4150,MALE,8.87988,-25.18543,
PAL0809,51,"Adelie Penguin (Pygoscelis adeliae)",Anvers,Biscoe,"Adult, 1 Egg Stage",N21A1,Yes,2008-11-06,39.6,17.7,186,3500,FEMALE,8.46616,-26.12989,
PAL0809,52,"Adelie Penguin (Pygoscelis adeliae)",Anvers,Biscoe,"Adult, 1 Egg Stage",N21A2,Yes,2008-11-06,40.1,18.9,188,4300,MALE,8.51362,-26.55602,
PAL0809,53,"Adelie Penguin (Pygoscelis adeliae)",Anvers,Biscoe,"Adult, 1 Egg Stage",N22A1,Yes,2008-11-09,35.0,17.9,190,3450,FEMALE,8.19539,-26.17213,
PAL0809,54,"Adelie Penguin (Pygoscelis adeliae)",Anvers,Biscoe,"Adult, 1 Egg Stage",N22A2,Yes,2008-11-09,42.0,19.5,200,4050,MALE,8.48095,-26.31460,
PAL0809,55,"Adelie Penguin (Pygoscelis adeliae)",Anvers,Biscoe,"Adult, 1 Egg Stage",N23A1,Yes,2008-11-09,34.5,18.1,187,2900,FEMALE,8.41837,-26.54718,
PAL0809,56,"Adelie Penguin (Pygoscelis adeliae)",Anvers,Biscoe,"Adult, 1 Egg Stage",N23A2,Yes,2008-11-09,41.4,18.6,191,3700,MALE,8.35396,-26.27853,
PAL0809,57,"Adelie Penguin (Pygoscelis adeliae)",Anvers,Biscoe,"Adult, 1 Egg Stage",N24A1,Yes,2008-11-15,39.0,17.5,186,3550,FEMALE,8.57199,-26.07188,
PAL0809,58,"Adelie Penguin (Pygoscelis adeliae)",Anvers,Biscoe,"Adult, 1 Egg Stage",N24A2,Yes,2008-11-15,40.6,18.8,193,3800,MALE,8.56674,-25.98843,
PAL0809,59,"Adelie Penguin (Pygoscelis adeliae)",Anvers,Biscoe,"Adult, 1 Egg Stage",N25A1,Yes,2008-11-15,36.5,16.6,181,2850,FEMALE,9.07878,-25.88156,
PAL0809,60,"Adelie Penguin (Pygoscelis adeliae)",Anvers,Biscoe,"Adult, 1 Egg Stage",N25A2,Yes,2008-11-15,37.6,19.1,194,3750,MALE,9.10800,-25.89677,
PAL0809,61,"Adelie Penguin (Pygoscelis adeliae)",Anvers,Biscoe,"Adult, 1 Egg Stage",N27A1,Yes,2008-11-13,35.7,16.9,185,3150,FEMALE,8.96472,-26.40943,
PAL0809,62,"Adelie Penguin (Pygoscelis adeliae)",Anvers,Biscoe,"Adult, 1 Egg Stage",N27A2,Yes,2008-11-13,41.3,21.1,195,4400,MALE,8.74802,-26.37809,
PAL0809,63,"Adelie Penguin (Pygoscelis adeliae)",Anvers,Biscoe,"Adult, 1 Egg Stage",N28A1,Yes,2008-11-13,37.6,17.0,185,3600,FEMALE,8.58063,-26.21569,
PAL0809,64,"Adelie Penguin (Pygoscelis adeliae)",Anvers,Biscoe,"Adult, 1 Egg Stage",N28A2,Yes,2008-11-13,41.1,18.2,192,4050,MALE,8.62264,-26.60023,
PAL0809,65,"Adelie Penguin (Pygoscelis adeliae)",Anvers,Biscoe,"Adult, 1 Egg Stage",N29A1,Yes,2008-11-13,36.4,17.1,184,2850,FEMALE,8.62623,-26.11650,
PAL0809,66,"Adelie Penguin (Pygoscelis adeliae)",Anvers,Biscoe,"Adult, 1 Egg Stage",N29A2,Yes,2008-11-13,41.6,18.0,192,3950,MALE,8.85562,-26.09294,
PAL0809,67,"Adelie Penguin (Pygoscelis adeliae)",Anvers,Biscoe,"Adult, 1 Egg Stage",N30A1,Yes,2008-11-06,35.5,16.2,195,3350,FEMALE,8.56192,-25.95541,
PAL0809,68,"Adelie Penguin (Pygoscelis adeliae)",Anvers,Biscoe,"Adult, 1 Egg Stage",N30A2,Yes,2008-11-06,41.1,19.1,188,4100,MALE,8.71078,-25.81012,
PAL0809,69,"Adelie Penguin (Pygoscelis adeliae)",Anvers,Torgersen,"Adult, 1 Egg Stage",N32A1,No,2008-11-11,35.9,16.6,190,3050,FEMALE,8.47781,-26.07821,"Nest never observed with full clutch."
PAL0809,70,"Adelie Penguin (Pygoscelis adeliae)",Anvers,Torgersen,"Adult, 1 Egg Stage",N32A2,No,2008-11-11,41.8,19.4,198,4450,MALE,8.86853,-26.06209,"Nest never observed with full clutch."
PAL0809,71,"Adelie Penguin (Pygoscelis adeliae)",Anvers,Torgersen,"Adult, 1 Egg Stage",N34A1,Yes,2008-11-14,33.5,19.0,190,3600,FEMALE,7.88863,-26.63085,
PAL0809,72,"Adelie Penguin (Pygoscelis adeliae)",Anvers,Torgersen,"Adult, 1 Egg Stage",N34A2,Yes,2008-11-14,39.7,18.4,190,3900,MALE,9.29808,-25.23453,
PAL0809,73,"Adelie Penguin (Pygoscelis adeliae)",Anvers,Torgersen,"Adult, 1 Egg Stage",N35A1,Yes,2008-11-11,39.6,17.2,196,3550,FEMALE,8.33524,-26.55351,
PAL0809,74,"Adelie Penguin (Pygoscelis adeliae)",Anvers,Torgersen,"Adult, 1 Egg Stage",N35A2,Yes,2008-11-11,45.8,18.9,197,4150,MALE,8.18658,-26.45978,
PAL0809,75,"Adelie Penguin (Pygoscelis adeliae)",Anvers,Torgersen,"Adult, 1 Egg Stage",N36A1,Yes,2008-11-08,35.5,17.5,190,3700,FEMALE,8.70642,-26.15003,
PAL0809,76,"Adelie Penguin (Pygoscelis adeliae)",Anvers,Torgersen,"Adult, 1 Egg Stage",N36A2,Yes,2008-11-08,42.8,18.5,195,4250,MALE,8.29930,-26.38986,
PAL0809,77,"Adelie Penguin (Pygoscelis adeliae)",Anvers,Torgersen,"Adult, 1 Egg Stage",N37A1,Yes,2008-11-06,40.9,16.8,191,3700,FEMALE,8.47257,-26.02002,
PAL0809,78,"Adelie Penguin (Pygoscelis adeliae)",Anvers,Torgersen,"Adult, 1 Egg Stage",N37A2,Yes,2008-11-06,37.2,19.4,184,3900,MALE,8.35540,-26.44787,
PAL0809,79,"Adelie Penguin (Pygoscelis adeliae)",Anvers,Torgersen,"Adult, 1 Egg Stage",N38A1,Yes,2008-11-09,36.2,16.1,187,3550,FEMALE,7.82381,-26.51382,
PAL0809,80,"Adelie Penguin (Pygoscelis adeliae)",Anvers,Torgersen,"Adult, 1 Egg Stage",N38A2,Yes,2008-11-09,42.1,19.1,195,4000,MALE,9.05736,-25.81513,
PAL0809,81,"Adelie Penguin (Pygoscelis adeliae)",Anvers,Torgersen,"Adult, 1 Egg Stage",N39A1,Yes,2008-11-02,34.6,17.2,189,3200,FEMALE,7.69778,-26.53870,
PAL0809,82,"Adelie Penguin (Pygoscelis adeliae)",Anvers,Torgersen,"Adult, 1 Egg Stage",N39A2,Yes,2008-11-02,42.9,17.6,196,4700,MALE,8.63259,-26.23027,
PAL0809,83,"Adelie Penguin (Pygoscelis adeliae)",Anvers,Torgersen,"Adult, 1 Egg Stage",N40A1,Yes,2008-11-07,36.7,18.8,187,3800,FEMALE,7.88494,-26.24837,
PAL0809,84,"Adelie Penguin (Pygoscelis adeliae)",Anvers,Torgersen,"Adult, 1 Egg Stage",N40A2,Yes,2008-11-07,35.1,19.4,193,4200,MALE,8.90002,-26.46254,
PAL0809,85,"Adelie Penguin (Pygoscelis adeliae)",Anvers,Dream,"Adult, 1 Egg Stage",N41A1,Yes,2008-11-17,37.3,17.8,191,3350,FEMALE,8.32718,-26.38396,
PAL0809,86,"Adelie Penguin (Pygoscelis adeliae)",Anvers,Dream,"Adult, 1 Egg Stage",N41A2,Yes,2008-11-17,41.3,20.3,194,3550,MALE,9.14863,-26.09635,
PAL0809,87,"Adelie Penguin (Pygoscelis adeliae)",Anvers,Dream,"Adult, 1 Egg Stage",N42A1,Yes,2008-11-08,36.3,19.5,190,3800,MALE,8.57087,-26.22227,
PAL0809,88,"Adelie Penguin (Pygoscelis adeliae)",Anvers,Dream,"Adult, 1 Egg Stage",N42A2,Yes,2008-11-08,36.9,18.6,189,3500,FEMALE,8.59147,-26.08165,
PAL0809,89,"Adelie Penguin (Pygoscelis adeliae)",Anvers,Dream,"Adult, 1 Egg Stage",N44A1,Yes,2008-11-08,38.3,19.2,189,3950,MALE,9.07826,-26.12417,
PAL0809,90,"Adelie Penguin (Pygoscelis adeliae)",Anvers,Dream,"Adult, 1 Egg Stage",N44A2,Yes,2008-11-08,38.9,18.8,190,3600,FEMALE,8.36936,-26.11199,
PAL0809,91,"Adelie Penguin (Pygoscelis adeliae)",Anvers,Dream,"Adult, 1 Egg Stage",N45A1,Yes,2008-11-14,35.7,18.0,202,3550,FEMALE,8.46531,-26.05621,
PAL0809,92,"Adelie Penguin (Pygoscelis adeliae)",Anvers,Dream,"Adult, 1 Egg Stage",N45A2,Yes,2008-11-14,41.1,18.1,205,4300,MALE,8.77018,-25.83352,
PAL0809,93,"Adelie Penguin (Pygoscelis adeliae)",Anvers,Dream,"Adult, 1 Egg Stage",N46A1,Yes,2008-11-05,34.0,17.1,185,3400,FEMALE,8.01485,-26.69543,
PAL0809,94,"Adelie Penguin (Pygoscelis adeliae)",Anvers,Dream,"Adult, 1 Egg Stage",N46A2,Yes,2008-11-05,39.6,18.1,186,4450,MALE,8.49915,-26.42406,
PAL0809,95,"Adelie Penguin (Pygoscelis adeliae)",Anvers,Dream,"Adult, 1 Egg Stage",N48A1,Yes,2008-11-17,36.2,17.3,187,3300,FEMALE,8.90723,-26.30037,
PAL0809,96,"Adelie Penguin (Pygoscelis adeliae)",Anvers,Dream,"Adult, 1 Egg Stage",N48A2,Yes,2008-11-17,40.8,18.9,208,4300,MALE,8.48204,-26.57941,
PAL0809,97,"Adelie Penguin (Pygoscelis adeliae)",Anvers,Dream,"Adult, 1 Egg Stage",N49A1,Yes,2008-11-08,38.1,18.6,190,3700,FEMALE,8.10277,-26.50086,
PAL0809,98,"Adelie Penguin (Pygoscelis adeliae)",Anvers,Dream,"Adult, 1 Egg Stage",N49A2,Yes,2008-11-08,40.3,18.5,196,4350,MALE,8.39459,-26.01152,
PAL0809,99,"Adelie Penguin (Pygoscelis adeliae)",Anvers,Dream,"Adult, 1 Egg Stage",N50A1,Yes,2008-11-10,33.1,16.1,178,2900,FEMALE,9.04218,-26.15775,
PAL0809,100,"Adelie Penguin (Pygoscelis adeliae)",Anvers,Dream,"Adult, 1 Egg Stage",N50A2,Yes,2008-11-10,43.2,18.5,192,4100,MALE,8.97025,-26.03679,
PAL0910,101,"Adelie Penguin (Pygoscelis adeliae)",Anvers,Biscoe,"Adult, 1 Egg Stage",N47A1,Yes,2009-11-09,35.0,17.9,192,3725,FEMALE,8.84451,-26.28055,
PAL0910,102,"Adelie Penguin (Pygoscelis adeliae)",Anvers,Biscoe,"Adult, 1 Egg Stage",N47A2,Yes,2009-11-09,41.0,20.0,203,4725,MALE,9.01079,-26.38085,
PAL0910,103,"Adelie Penguin (Pygoscelis adeliae)",Anvers,Biscoe,"Adult, 1 Egg Stage",N49A1,Yes,2009-11-15,37.7,16.0,183,3075,FEMALE,9.21510,-26.22530,
PAL0910,104,"Adelie Penguin (Pygoscelis adeliae)",Anvers,Biscoe,"Adult, 1 Egg Stage",N49A2,Yes,2009-11-15,37.8,20.0,190,4250,MALE,9.51929,-25.69199,
PAL0910,105,"Adelie Penguin (Pygoscelis adeliae)",Anvers,Biscoe,"Adult, 1 Egg Stage",N51A1,Yes,2009-11-15,37.9,18.6,193,2925,FEMALE,9.02642,-25.86482,
PAL0910,106,"Adelie Penguin (Pygoscelis adeliae)",Anvers,Biscoe,"Adult, 1 Egg Stage",N51A2,Yes,2009-11-15,39.7,18.9,184,3550,MALE,8.85699,-25.80208,
PAL0910,107,"Adelie Penguin (Pygoscelis adeliae)",Anvers,Biscoe,"Adult, 1 Egg Stage",N53A1,Yes,2009-11-15,38.6,17.2,199,3750,FEMALE,8.77322,-26.48973,
PAL0910,108,"Adelie Penguin (Pygoscelis adeliae)",Anvers,Biscoe,"Adult, 1 Egg Stage",N53A2,Yes,2009-11-15,38.2,20.0,190,3900,MALE,9.59245,-25.70711,
PAL0910,109,"Adelie Penguin (Pygoscelis adeliae)",Anvers,Biscoe,"Adult, 1 Egg Stage",N55A1,Yes,2009-11-20,38.1,17.0,181,3175,FEMALE,9.79532,-25.27385,
PAL0910,110,"Adelie Penguin (Pygoscelis adeliae)",Anvers,Biscoe,"Adult, 1 Egg Stage",N55A2,Yes,2009-11-20,43.2,19.0,197,4775,MALE,9.31735,-25.45171,
PAL0910,111,"Adelie Penguin (Pygoscelis adeliae)",Anvers,Biscoe,"Adult, 1 Egg Stage",N58A1,Yes,2009-11-12,38.1,16.5,198,3825,FEMALE,8.43951,-26.57563,
PAL0910,112,"Adelie Penguin (Pygoscelis adeliae)",Anvers,Biscoe,"Adult, 1 Egg Stage",N58A2,Yes,2009-11-12,45.6,20.3,191,4600,MALE,8.65466,-26.32909,
PAL0910,113,"Adelie Penguin (Pygoscelis adeliae)",Anvers,Biscoe,"Adult, 1 Egg Stage",N60A1,Yes,2009-11-15,39.7,17.7,193,3200,FEMALE,9.02657,-26.06203,
PAL0910,114,"Adelie Penguin (Pygoscelis adeliae)",Anvers,Biscoe,"Adult, 1 Egg Stage",N60A2,Yes,2009-11-15,42.2,19.5,197,4275,MALE,8.80186,-26.41218,
PAL0910,115,"Adelie Penguin (Pygoscelis adeliae)",Anvers,Biscoe,"Adult, 1 Egg Stage",N61A1,Yes,2009-11-17,39.6,20.7,191,3900,FEMALE,8.80967,-26.78958,
PAL0910,116,"Adelie Penguin (Pygoscelis adeliae)",Anvers,Biscoe,"Adult, 1 Egg Stage",N61A2,Yes,2009-11-17,42.7,18.3,196,4075,MALE,8.91434,-26.42018,
PAL0910,117,"Adelie Penguin (Pygoscelis adeliae)",Anvers,Torgersen,"Adult, 1 Egg Stage",N63A1,Yes,2009-11-18,38.6,17.0,188,2900,FEMALE,9.18021,-25.77264,
PAL0910,118,"Adelie Penguin (Pygoscelis adeliae)",Anvers,Torgersen,"Adult, 1 Egg Stage",N63A2,Yes,2009-11-18,37.3,20.5,199,3775,MALE,9.49645,-26.36678,
PAL0910,119,"Adelie Penguin (Pygoscelis adeliae)",Anvers,Torgersen,"Adult, 1 Egg Stage",N64A1,Yes,2009-11-22,35.7,17.0,189,3350,FEMALE,8.96436,-23.90309,
PAL0910,120,"Adelie Penguin (Pygoscelis adeliae)",Anvers,Torgersen,"Adult, 1 Egg Stage",N64A2,Yes,2009-11-22,41.1,18.6,189,3325,MALE,9.32277,-26.09989,
PAL0910,121,"Adelie Penguin (Pygoscelis adeliae)",Anvers,Torgersen,"Adult, 1 Egg Stage",N66A1,No,2009-11-17,36.2,17.2,187,3150,FEMALE,9.04296,-26.19444,"Nest never observed with full clutch."
PAL0910,122,"Adelie Penguin (Pygoscelis adeliae)",Anvers,Torgersen,"Adult, 1 Egg Stage",N66A2,No,2009-11-17,37.7,19.8,198,3500,MALE,9.11066,-26.42563,"Nest never observed with full clutch."
PAL0910,123,"Adelie Penguin (Pygoscelis adeliae)",Anvers,Torgersen,"Adult, 1 Egg Stage",N67A1,Yes,2009-11-16,40.2,17.0,176,3450,FEMALE,9.30722,-25.61039,
PAL0910,124,"Adelie Penguin (Pygoscelis adeliae)",Anvers,Torgersen,"Adult, 1 Egg Stage",N67A2,Yes,2009-11-16,41.4,18.5,202,3875,MALE,9.59462,-25.42621,
PAL0910,125,"Adelie Penguin (Pygoscelis adeliae)",Anvers,Torgersen,"Adult, 1 Egg Stage",N69A1,Yes,2009-11-18,35.2,15.9,186,3050,FEMALE,8.81668,-25.95399,
PAL0910,126,"Adelie Penguin (Pygoscelis adeliae)",Anvers,Torgersen,"Adult, 1 Egg Stage",N69A2,Yes,2009-11-18,40.6,19.0,199,4000,MALE,9.22537,-25.60826,
PAL0910,127,"Adelie Penguin (Pygoscelis adeliae)",Anvers,Torgersen,"Adult, 1 Egg Stage",N71A1,Yes,2009-11-21,38.8,17.6,191,3275,FEMALE,8.88098,-25.89741,
PAL0910,128,"Adelie Penguin (Pygoscelis adeliae)",Anvers,Torgersen,"Adult, 1 Egg Stage",N71A2,Yes,2009-11-21,41.5,18.3,195,4300,MALE,8.52566,-26.02450,
PAL0910,129,"Adelie Penguin (Pygoscelis adeliae)",Anvers,Torgersen,"Adult, 1 Egg Stage",N72A1,Yes,2009-11-18,39.0,17.1,191,3050,FEMALE,9.19031,-25.73722,
PAL0910,130,"Adelie Penguin (Pygoscelis adeliae)",Anvers,Torgersen,"Adult, 1 Egg Stage",N72A2,Yes,2009-11-18,44.1,18.0,210,4000,MALE,9.10702,-26.01363,
PAL0910,131,"Adelie Penguin (Pygoscelis adeliae)",Anvers,Torgersen,"Adult, 1 Egg Stage",N73A1,No,2009-11-23,38.5,17.9,190,3325,FEMALE,8.98460,-25.57956,"Nest never observed with full clutch."
PAL0910,132,"Adelie Penguin (Pygoscelis adeliae)",Anvers,Torgersen,"Adult, 1 Egg Stage",N73A2,No,2009-11-23,43.1,19.2,197,3500,MALE,8.86495,-26.13960,"Nest never observed with full clutch."
PAL0910,133,"Adelie Penguin (Pygoscelis adeliae)",Anvers,Dream,"Adult, 1 Egg Stage",N76A1,Yes,2009-11-10,36.8,18.5,193,3500,FEMALE,8.98705,-25.57647,
PAL0910,134,"Adelie Penguin (Pygoscelis adeliae)",Anvers,Dream,"Adult, 1 Egg Stage",N76A2,Yes,2009-11-10,37.5,18.5,199,4475,MALE,8.56708,-26.49288,
PAL0910,135,"Adelie Penguin (Pygoscelis adeliae)",Anvers,Dream,"Adult, 1 Egg Stage",N77A1,Yes,2009-11-13,38.1,17.6,187,3425,FEMALE,8.71700,-25.77951,
PAL0910,136,"Adelie Penguin (Pygoscelis adeliae)",Anvers,Dream,"Adult, 1 Egg Stage",N77A2,Yes,2009-11-13,41.1,17.5,190,3900,MALE,8.94365,-26.06943,
PAL0910,137,"Adelie Penguin (Pygoscelis adeliae)",Anvers,Dream,"Adult, 1 Egg Stage",N78A1,Yes,2009-11-16,35.6,17.5,191,3175,FEMALE,8.75984,-25.97696,
PAL0910,138,"Adelie Penguin (Pygoscelis adeliae)",Anvers,Dream,"Adult, 1 Egg Stage",N78A2,Yes,2009-11-16,40.2,20.1,200,3975,MALE,8.95998,-26.32601,
PAL0910,139,"Adelie Penguin (Pygoscelis adeliae)",Anvers,Dream,"Adult, 1 Egg Stage",N79A1,No,2009-11-16,37.0,16.5,185,3400,FEMALE,8.61651,-26.07021,"Nest never observed with full clutch."
PAL0910,140,"Adelie Penguin (Pygoscelis adeliae)",Anvers,Dream,"Adult, 1 Egg Stage",N79A2,No,2009-11-16,39.7,17.9,193,4250,MALE,9.25769,-25.88798,"Nest never observed with full clutch."
PAL0910,141,"Adelie Penguin (Pygoscelis adeliae)",Anvers,Dream,"Adult, 1 Egg Stage",N80A1,Yes,2009-11-14,40.2,17.1,193,3400,FEMALE,9.28810,-25.54976,
PAL0910,142,"Adelie Penguin (Pygoscelis adeliae)",Anvers,Dream,"Adult, 1 Egg Stage",N80A2,Yes,2009-11-14,40.6,17.2,187,3475,MALE,9.23408,-26.01549,
PAL0910,143,"Adelie Penguin (Pygoscelis adeliae)",Anvers,Dream,"Adult, 1 Egg Stage",N81A1,Yes,2009-11-16,32.1,15.5,188,3050,FEMALE,8.79787,-26.61075,
PAL0910,144,"Adelie Penguin (Pygoscelis adeliae)",Anvers,Dream,"Adult, 1 Egg Stage",N81A2,Yes,2009-11-16,40.7,17.0,190,3725,MALE,9.05674,-25.79529,
PAL0910,145,"Adelie Penguin (Pygoscelis adeliae)",Anvers,Dream,"Adult, 1 Egg Stage",N82A1,Yes,2009-11-16,37.3,16.8,192,3000,FEMALE,9.06829,-25.85203,
PAL0910,146,"Adelie Penguin (Pygoscelis adeliae)",Anvers,Dream,"Adult, 1 Egg Stage",N82A2,Yes,2009-11-16,39.0,18.7,185,3650,MALE,9.22033,-26.03442,
PAL0910,147,"Adelie Penguin (Pygoscelis adeliae)",Anvers,Dream,"Adult, 1 Egg Stage",N83A1,Yes,2009-11-13,39.2,18.6,190,4250,MALE,9.11006,-25.79549,
PAL0910,148,"Adelie Penguin (Pygoscelis adeliae)",Anvers,Dream,"Adult, 1 Egg Stage",N83A2,Yes,2009-11-13,36.6,18.4,184,3475,FEMALE,8.68744,-25.83060,
PAL0910,149,"Adelie Penguin (Pygoscelis adeliae)",Anvers,Dream,"Adult, 1 Egg Stage",N84A1,Yes,2009-11-17,36.0,17.8,195,3450,FEMALE,8.94332,-25.79189,
PAL0910,150,"Adelie Penguin (Pygoscelis adeliae)",Anvers,Dream,"Adult, 1 Egg Stage",N84A2,Yes,2009-11-17,37.8,18.1,193,3750,MALE,8.97533,-26.03495,
PAL0910,151,"Adelie Penguin (Pygoscelis adeliae)",Anvers,Dream,"Adult, 1 Egg Stage",N85A1,Yes,2009-11-17,36.0,17.1,187,3700,FEMALE,8.93465,-26.07081,
PAL0910,152,"Adelie Penguin (Pygoscelis adeliae)",Anvers,Dream,"Adult, 1 Egg Stage",N85A2,Yes,2009-11-17,41.5,18.5,201,4000,MALE,8.89640,-26.06967,
